Epoch,Learning rate,Training loss,Training avg_loss,Training accuracy,Training precission,Training recall,Training specificity,Training F1,Training tp,Training fn,Training fp,Training tn,Validation loss,Validation avg_loss,Validation accuracy,Validation precission,Validation recall,Validation specificity,Validation F1,Validation tp,Validation fn,Validation fp,Validation tn
1,0.0001,2610.706938266754,0.11284663662272548,0.6192781499891938,0.6007925442136934,0.7085244482907832,0.5302245250431779,0.6502263521563021,8187.0,3368.0,5440.0,6140.0,17837.195219825022,0.10808783650855944,0.6696561127101954,0.35750287381731366,0.8856794141578519,0.6177829880289469,0.5093910022768794,28301.0,3653.0,50862.0,82209.0
2,0.0001,1858.7994503974915,0.08034577265604026,0.777739355954182,0.7413369103509948,0.8561838368190033,0.698593261549149,0.7946321591181404,9948.0,1671.0,3471.0,8045.0,13222.421682055516,0.08012374902018189,0.7683866080896834,0.45007328108073663,0.8841459598172373,0.7405896100577887,0.5964993771509406,28252.0,3702.0,34520.0,98551.0
3,0.0001,1505.020606994629,0.06505384080374449,0.8313810244218717,0.7906189926951173,0.8972076788830715,0.7667665952890792,0.8405477212344165,10282.0,1178.0,2723.0,8952.0,10590.975745533098,0.06417800785052627,0.810889259203151,0.5065604333755452,0.9013269074294298,0.7891726972819021,0.6485981308411215,28801.0,3153.0,28055.0,105016.0
4,0.0001,1292.2000823020935,0.05585476906427895,0.8655716446941863,0.8267281105990784,0.9264933723532449,0.8041156551185205,0.8737722217712477,10764.0,854.0,2256.0,9261.0,9777.685772480781,0.059249724420425885,0.824978033631268,0.5273683272435612,0.9259560618388935,0.8007304371350632,0.6720039973199787,29588.0,2366.0,26517.0,106554.0
5,0.0001,1137.7234454154968,0.049177585710633104,0.8849362437864707,0.8485200681853402,0.9393549493909762,0.8296593186372746,0.8916300276827878,10951.0,707.0,1955.0,9522.0,9680.243717814272,0.0586592559782716,0.8316982275412816,0.5380733777826356,0.9243600175251925,0.8094475881296451,0.6801998894620487,29537.0,2417.0,25357.0,107714.0
6,0.0001,999.0938422679901,0.04318538328368231,0.9046034147395721,0.8704488386691777,0.9522705811657654,0.8562597945324744,0.9095232238757021,11093.0,556.0,1651.0,9835.0,7903.48042692753,0.047892624916997605,0.8640206029389487,0.5964439218230476,0.9206672091131001,0.8504181978041797,0.72391052929452,29419.0,2535.0,19905.0,113166.0
7,0.0001,900.1468969583511,0.03890844594589804,0.9186946185433326,0.8900870676571612,0.9566449175824175,0.880212414033255,0.9221665908056441,11143.0,505.0,1376.0,10111.0,8539.390427845065,0.0517460410716259,0.8539494016058173,0.5752510925400598,0.9392251361331915,0.8334723568621263,0.7135011768062193,30012.0,1942.0,22160.0,110911.0
8,0.0001,815.8950755596161,0.035266698749064886,0.9306245947698293,0.9049190886402061,0.9636488340192044,0.8970447214715369,0.9333610130786797,11240.0,424.0,1181.0,10290.0,7595.436419170808,0.04602597436249543,0.8782790486289956,0.6222217644756628,0.9453276585091068,0.8621788368615251,0.7504751493770265,30207.0,1747.0,18340.0,114731.0
9,0.0001,731.2094436883926,0.03160620028910277,0.9418197536200562,0.9191412355021799,0.9685360145618445,0.9152440075875151,0.9431923693762134,11174.0,363.0,983.0,10615.0,6275.480441768347,0.03802745306328342,0.9067353431298288,0.6911218296369804,0.9371909620078863,0.899422113007342,0.7955635252706382,29947.0,2007.0,13384.0,119687.0
10,0.0001,687.3811170458794,0.02971174052500019,0.9467041279446726,0.9265249158525573,0.970922229869236,0.922248284249848,0.9482041587901701,11286.0,338.0,895.0,10616.0,6494.857824326951,0.039356811539627036,0.8949068322981366,0.6583573580733965,0.9504913312887275,0.8815594682537893,0.7779015713242922,30372.0,1582.0,15761.0,117310.0
11,0.0001,654.6518715023994,0.02829703356396799,0.9495137237951157,0.9313262005473999,0.9706111159132164,0.9284108594155283,0.9505629391348516,11229.0,340.0,828.0,10738.0,6999.610961779017,0.04241545803229218,0.8801999697015603,0.6244535240040858,0.9565938536646429,0.8618557010918984,0.7556363097003856,30567.0,1387.0,18383.0,114688.0
12,0.0001,598.6900001764297,0.025878106772268414,0.9564296520423601,0.940560593569662,0.9754616963064295,0.9369700148614389,0.9576932762528332,11409.0,287.0,721.0,10718.0,6940.26812079938,0.042055858935309075,0.8829328889562188,0.6306861670217827,0.9541215497277337,0.8658385373221814,0.7593997135562613,30488.0,1466.0,17853.0,115218.0
13,0.0001,577.5593503117561,0.024964743908007615,0.9588934514804409,0.9428112856901504,0.9760384783559248,0.9421367521367522,0.9591371976109656,11161.0,274.0,677.0,11023.0,5598.899720566691,0.03392758503600479,0.9230904408422966,0.731414291892931,0.9526193903736622,0.9159997294677278,0.8274887185342249,30440.0,1514.0,11178.0,121893.0
14,0.0001,553.5951558053493,0.023928902347324373,0.961703047330884,0.949570726014837,0.975927353722265,0.9472168905950096,0.9625686523024927,11392.0,281.0,605.0,10857.0,6117.255112453419,0.03706865694563502,0.9039478866838357,0.6769832721517596,0.963822995556112,0.8895702294263964,0.7953310005552184,30798.0,1156.0,14695.0,118376.0
15,0.0001,519.2409521341324,0.022443957299940885,0.966068727036957,0.9535635312127912,0.979128460396472,0.953269428277987,0.9661769141281399,11212.0,239.0,546.0,11138.0,5262.991282198684,0.03189208472776054,0.9112316315709741,0.6987390036061282,0.9520247856293422,0.9014360754785039,0.8059503781907777,30421.0,1533.0,13116.0,119955.0
16,0.0001,508.80406153202057,0.02199282738413748,0.9654635833153231,0.9538580512115484,0.9769427087916923,0.9543832823649337,0.9652623798965262,11101.0,262.0,537.0,11235.0,4970.125826210308,0.03011741146014427,0.9184366005150735,0.7141699092088197,0.9649809100582086,0.9072600341171254,0.8208438706242512,30835.0,1119.0,12341.0,120730.0
17,0.0001,491.83496245741844,0.021259345686510413,0.9679706073049492,0.9546143482654093,0.9824941502729873,0.9535184546395309,0.9683536194746957,11337.0,202.0,539.0,11057.0,4702.378670319569,0.028494947252353093,0.9417482199666717,0.7855225826240319,0.9617575264442636,0.9369434362107446,0.8647523108741224,30732.0,1222.0,8391.0,124680.0
18,0.0001,490.1760599017143,0.021187640367482788,0.9674951372379511,0.9571209800918836,0.9784310314837363,0.9566898685228151,0.9676586960261483,11250.0,248.0,504.0,11133.0,4015.3918961901218,0.02433202179178986,0.9523587335252235,0.8218274111675127,0.9626650810540152,0.9498838965664945,0.8866885737345785,30761.0,1193.0,6669.0,126402.0
19,0.0001,466.8929074406624,0.02018123654379349,0.9704776312945753,0.9614856750729113,0.9795508170934195,0.9615976736229901,0.9704341803385134,11209.0,234.0,449.0,11243.0,4588.568809051285,0.027805295010157764,0.9415846083926678,0.7891463225003887,0.9529323402390937,0.9388597064724846,0.8633399489651261,30450.0,1504.0,8136.0,124935.0
20,5e-05,471.17023169994354,0.020366121966714654,0.9698292630213962,0.9598561512084971,0.9813595553655409,0.958041958041958,0.9704887535937764,11477.0,218.0,480.0,10960.0,3789.814382927026,0.022965092458276177,0.9552431449780336,0.8338043478260869,0.9602553670901921,0.9540395728596013,0.8925735229950257,30684.0,1270.0,6116.0,126955.0
21,5e-05,421.71568936109543,0.018228471552240996,0.9752323319645558,0.9664089347079038,0.9840783833435395,0.9665926179084073,0.9751636253305015,11249.0,182.0,391.0,11313.0,3599.3436580552966,0.021810899306500812,0.9556552037570065,0.8396382485938017,0.95299493021218,0.9562940084616482,0.8927325496174254,30452.0,1502.0,5816.0,127255.0
22,5e-05,426.8124957382679,0.018448778722207387,0.9741949427274692,0.9646240254841143,0.9850196884095189,0.9631537588404785,0.974715175130236,11507.0,175.0,422.0,11031.0,4256.18049109118,0.025791125533047597,0.9353916073322224,0.7620231356140783,0.9689240783626463,0.9273395405460243,0.8531081230023145,30961.0,993.0,9669.0,123402.0
23,5e-05,409.376181691885,0.01769510186694986,0.9753187810676465,0.9657980456026058,0.984963720604948,0.9658857729138167,0.9752867344730578,11267.0,172.0,399.0,11297.0,3296.769552964187,0.019977394655138234,0.9646174821996667,0.873530337271505,0.955623709081805,0.9667771340111669,0.9127348268595596,30536.0,1418.0,4421.0,128650.0
24,5e-05,396.63726687431335,0.017144467986786833,0.9776529068510914,0.9707607383129204,0.9844310329747223,0.9710305930610152,0.9775480957137274,11255.0,178.0,339.0,11363.0,3851.4656274548634,0.023338679760368814,0.9494682623844872,0.809900002624603,0.9657006947487012,0.9455704097812446,0.8809649561059167,30858.0,1096.0,7243.0,125828.0
25,5e-05,389.0792675316334,0.016817776854619985,0.9793818889129026,0.971380042462845,0.9879081015719468,0.9708401834386087,0.9795743587547638,11438.0,140.0,337.0,11220.0,3980.388762261953,0.024119913723750663,0.9424208453264656,0.7882304611276574,0.9607560868748827,0.938018050514387,0.865984034300866,30700.0,1254.0,8248.0,124823.0
26,5e-05,395.5575887262821,0.017097799383024945,0.9783877242273611,0.9699267121556735,0.9877326928026079,0.968897020386827,0.9787487249234954,11514.0,143.0,357.0,11121.0,3444.983609592956,0.020875525584565707,0.9561823966065748,0.8361386811692726,0.9622895412154973,0.9547159035402154,0.8947896812117156,30749.0,1205.0,6026.0,127045.0
27,5e-05,389.1427800953388,0.016820522156703644,0.9778690296088178,0.9691931127616475,0.9873602751504729,0.9682746631899174,0.9781923502853735,11483.0,147.0,365.0,11140.0,3507.5075212363263,0.02125440097704182,0.9517891228601727,0.8286496850178033,0.9467985228766351,0.9529875029119793,0.8837929422762327,30254.0,1700.0,6256.0,126815.0
28,5e-05,385.41968977451324,0.016659593247223395,0.977134212232548,0.9672520573513192,0.9876126126126126,0.966698300405487,0.9773263040589774,11401.0,143.0,386.0,11205.0,3571.780467171719,0.021643874971499586,0.9561399787910922,0.8467646893765082,0.9443888089128122,0.958961757257404,0.8929163214581606,30177.0,1777.0,5461.0,127610.0
29,5e-05,380.507586479187,0.016447269785138836,0.9775664577480009,0.9681372549019608,0.9877554539967233,0.9673253596810539,0.9778479661957402,11455.0,142.0,377.0,11161.0,3208.585829417718,0.01944302881028764,0.9577639751552796,0.8460387811634349,0.955811479001064,0.9582328230794087,0.8975813324712728,30542.0,1412.0,5558.0,127513.0
30,5e-05,371.96427938342094,0.01607798916721076,0.9767451912686406,0.9667400135409614,0.9874654218533887,0.9660240338895133,0.9769928156004105,11423.0,145.0,393.0,11174.0,3166.4403422668656,0.019187640310661207,0.9584608392667777,0.8420507509062661,0.9668273142642548,0.9564518189537916,0.900135483589004,30894.0,1060.0,5795.0,127276.0
31,5e-05,366.98878169059753,0.015862925510723904,0.9785606224335422,0.9692228776609387,0.9881460821058137,0.9691305093465958,0.9785930082002589,11337.0,136.0,360.0,11302.0,3584.6151902981437,0.021721649388263254,0.9482987426147553,0.8112475415935789,0.9552481692432873,0.9466299945142067,0.8773785570566256,30524.0,1430.0,7102.0,125969.0
32,5e-05,361.07585775852203,0.0156073420254386,0.9797276853252648,0.9711237191972225,0.9889617109348051,0.9704480457578646,0.9799615466780602,11468.0,128.0,341.0,11198.0,3298.566784395708,0.019988285316744177,0.9561339191031661,0.8365240598022929,0.9613193966326594,0.954888743603039,0.8945904623225336,30718.0,1236.0,6003.0,127068.0
33,5e-05,364.85450372099876,0.015770672302615033,0.9783444996758158,0.9698841045596819,0.987510766580534,0.9691106290672451,0.9786180700781016,11465.0,145.0,356.0,11169.0,3024.816611831076,0.018329444701294204,0.9610180275715801,0.8532318339100347,0.9646053702196908,0.9601566081264888,0.9055068376445014,30823.0,1131.0,5302.0,127769.0
34,5e-05,347.63274106383324,0.015026269334939842,0.9808947482169873,0.9729431721798134,0.989391064343626,0.9723594142621956,0.9810981867943893,11471.0,123.0,319.0,11222.0,3444.6371524822735,0.020873426162595205,0.9508741099833359,0.8159128845083856,0.9637291105964825,0.9477872714565908,0.8836822244859893,30795.0,1159.0,6948.0,126123.0
35,5e-05,352.84102565050125,0.015251395100518749,0.9806354009077156,0.971568379313254,0.9904532553539176,0.9707160236357316,0.9809199318568994,11516.0,111.0,337.0,11171.0,3656.762401212089,0.022158838971138246,0.9469050143917588,0.7997621755764657,0.9682042936721538,0.9417904727551457,0.8759591154902461,30938.0,1016.0,7746.0,125325.0
36,5e-05,347.024661809206,0.014999985381854593,0.9796412362221742,0.96963068898797,0.9905465795806119,0.968605965736151,0.9799770437444203,11526.0,110.0,361.0,11138.0,3200.113632463061,0.019391689940694203,0.9560854415997576,0.8351010443510104,0.963447455717594,0.9543176199171871,0.8946947790581089,30786.0,1168.0,6079.0,126992.0
37,5e-05,338.1420634686947,0.014616039052029163,0.9817160146963475,0.9724108658743633,0.9915173547996191,0.9719392160248662,0.981871169588137,11455.0,98.0,325.0,11257.0,2699.273572080785,0.01635675547390265,0.9666111195273444,0.8780090342501,0.9611003317268574,0.9679344109535511,0.917677642980936,30711.0,1243.0,4267.0,128804.0
38,5e-05,343.5542103648186,0.014849976674511284,0.98132699373244,0.9731901217861976,0.9901049733264499,0.9724659081038826,0.9815746822485713,11507.0,115.0,317.0,11196.0,3793.50240888374,0.022987440744637114,0.9373791849719739,0.7696971209021506,0.9654816298428992,0.930631016525013,0.8565439502470986,30851.0,1103.0,9231.0,123840.0
39,5e-05,340.0826811492443,0.014699921380991757,0.9806786254592609,0.9721681752812791,0.9898363479758828,0.9714533622559653,0.9809227092313602,11492.0,118.0,329.0,11196.0,3656.7959093049044,0.022159042019723706,0.9462081502802606,0.8025698177527206,0.957814358139826,0.9434211811739598,0.8733467448529728,30606.0,1348.0,7529.0,125542.0
40,2.5e-05,339.0493848025799,0.014655257609793814,0.9815863410417117,0.9736864515030231,0.9898710068392347,0.973325276243094,0.9817120288486306,11434.0,117.0,309.0,11275.0,2685.696895100805,0.01627448504833089,0.9646114225117406,0.8752442809518336,0.9530888151718094,0.9673783168383795,0.9125093632958802,30455.0,1499.0,4341.0,128730.0
41,2.5e-05,317.5091053843498,0.013724188691780844,0.9838772422736114,0.97624723310063,0.9918692154657902,0.9758942457231726,0.9839962243102931,11467.0,94.0,279.0,11295.0,2963.9760459865684,0.017960769859030865,0.9605393122254204,0.8497855257369116,0.9671715591162295,0.9589467276867236,0.9046866309534264,30905.0,1049.0,5463.0,127608.0
42,2.5e-05,315.5066739022732,0.013637634488967935,0.9832720985519775,0.9756570080862533,0.9916103073367006,0.9747686397764973,0.9835689721054642,11583.0,98.0,289.0,11165.0,3249.377952671957,0.019690216347050184,0.9552552643538857,0.8306864064602961,0.9657632847217875,0.952732000210414,0.8931465617040982,30860.0,1094.0,6290.0,126781.0
43,2.5e-05,309.85304352641106,0.013393258851368535,0.9843527123406095,0.976873186550606,0.9921130178540475,0.9766318875571268,0.9844341245270039,11447.0,91.0,271.0,11326.0,3365.5477120663945,0.020394168835427325,0.9505590062111802,0.8141254125412541,0.9649809100582086,0.9470959112052965,0.8831574274298644,30835.0,1119.0,7040.0,126031.0
44,2.5e-05,309.82188418507576,0.01339191200281287,0.9842662632375189,0.9775929383805806,0.9913926665519022,0.9770773638968482,0.9844444444444445,11518.0,100.0,264.0,11253.0,3103.8496538780128,0.018808360271946753,0.9591092258748675,0.8489589101783144,0.9595355823996996,0.9590068459694449,0.9008667548112238,30661.0,1293.0,5455.0,127616.0
45,2.5e-05,305.5757089853287,0.013208372984021123,0.9848281824076075,0.9777269647696477,0.9924353133327602,0.9771344114067119,0.9850262360820785,11545.0,88.0,263.0,11239.0,3340.2977760748818,0.02024116210316547,0.9510437812452659,0.8152814092913927,0.966044939600676,0.9474415913309436,0.8842831975020412,30869.0,1085.0,6994.0,126077.0
46,2.5e-05,305.44074726104736,0.013202539324013286,0.9857358979900583,0.9790209790209791,0.9927360774818402,0.9787399533316049,0.9858308286818377,11480.0,84.0,246.0,11325.0,3508.1858828095483,0.021258511636476584,0.9460990758975912,0.7984365697719567,0.9653251549101833,0.9414823665561993,0.8739852947426581,30846.0,1108.0,7787.0,125284.0
47,2.5e-05,299.17557883262634,0.012931730228339154,0.9857791225416036,0.9787562103820455,0.9929608064656296,0.978672170622635,0.9858073422199214,11426.0,81.0,248.0,11380.0,3268.0597848188045,0.01980342241974734,0.9515709740948342,0.8163717982571956,0.9675158039682042,0.9477421827445499,0.8855407882676444,30916.0,1038.0,6954.0,126117.0
48,2.5e-05,293.5142997801304,0.012687023980122341,0.9862113680570564,0.9805741791301358,0.9919137466307277,0.9805741791301358,0.9862113680570563,11408.0,93.0,226.0,11408.0,3642.387876474216,0.022071733837141134,0.936967126193001,0.7650792088950114,0.9733366714652313,0.9282338000015029,0.8567336032834751,31102.0,852.0,9550.0,123521.0
49,2.5e-05,300.0129665136337,0.01296792593532024,0.9854333261292414,0.9793234708884851,0.9914170607812226,0.9796022872748997,0.9853331592462027,11320.0,98.0,239.0,11478.0,2924.232788911524,0.01771993812399045,0.9607877594303893,0.8545707527480173,0.961037741753771,0.9607277318123408,0.9046826437272607,30709.0,1245.0,5226.0,127845.0
50,2.5e-05,297.1377344876528,0.012843645320408593,0.9857358979900583,0.9797285835453774,0.9921834736299605,0.9792047333159314,0.9859166951177877,11551.0,91.0,239.0,11254.0,3493.9644676719327,0.02117233429887552,0.9469413725193152,0.8000413885870971,0.9678913438067221,0.9419107093205883,0.8759984138673312,30928.0,1026.0,7730.0,125341.0
51,2.5e-05,292.5965433418751,0.012647354369650966,0.9871190836395073,0.9813897899948779,0.9930891499654457,0.9811402370447271,0.9872048089308715,11496.0,80.0,218.0,11341.0,2895.6530972603623,0.01754675411156105,0.9617148916830783,0.85538427414883,0.9655129248294423,0.9608028796657423,0.907118285260651,30852.0,1102.0,5216.0,127855.0
52,2.5e-05,299.87656086683273,0.012962029862409023,0.9865139399178734,0.9811192379656404,0.9922587304317908,0.9807107481101747,0.9866575436195688,11536.0,90.0,222.0,11287.0,3234.1988667243313,0.01959823582320455,0.9540433267686714,0.8259415792852557,0.9662952994930212,0.9511012917916,0.8906227465459056,30877.0,1077.0,6507.0,126564.0
53,2.5e-05,286.48290222883224,0.012383094974230915,0.9887616165982278,0.9843482723229559,0.9933540479889522,0.9841544722486796,0.988830655554601,11509.0,77.0,183.0,11366.0,2904.1686603111775,0.017598355766163778,0.9616179366762612,0.8577612690610512,0.9611629216999437,0.9617271982625817,0.9065230224321132,30713.0,1241.0,5093.0,127978.0
54,2.5e-05,290.57408541440964,0.012559934532717079,0.9869894099848714,0.9810506725319347,0.9934041459653932,0.9804554576389495,0.9871887635667163,11597.0,77.0,224.0,11237.0,2988.531353641856,0.01810956736035059,0.9596303590365096,0.8439403829416884,0.9710834324341241,0.9568801617181805,0.9030587002706557,31030.0,924.0,5738.0,127333.0
55,2.5e-05,292.8154189288616,0.012656815168742667,0.9868597363302356,0.9812150956168556,0.9929782497002911,0.980623199790521,0.9870616275110657,11596.0,82.0,222.0,11235.0,3154.257961596303,0.01911381888560099,0.9556370246932283,0.8332837234474361,0.9636978156099393,0.9537014075192942,0.8937584350375132,30794.0,1160.0,6161.0,126910.0
56,2.5e-05,283.73936209082603,0.012264506682119128,0.9885022692889561,0.9835786607674636,0.9937247485601307,0.9832203095113893,0.9886256734798597,11560.0,73.0,193.0,11309.0,3470.2861230719145,0.021028850919993423,0.9446811089228905,0.7925156990900936,0.9676409839143769,0.939167812671431,0.8713663712325099,30920.0,1034.0,8095.0,124976.0
57,2.5e-05,282.10598611831665,0.012193904738202579,0.9881564728765939,0.9836877615509437,0.992845444358245,0.9834402635685798,0.9882453882453882,11518.0,83.0,191.0,11343.0,2884.7061570944666,0.01748041907041034,0.9631692167853355,0.8576008844665561,0.9710208424610377,0.9612838259275124,0.9107934364634397,31028.0,926.0,5152.0,127919.0
58,2.5e-05,286.8552448749542,0.012399189318130721,0.988026799221958,0.9836220202366661,0.9925586224798824,0.9835031957160131,0.9880701149920323,11471.0,86.0,191.0,11387.0,3296.359202415171,0.019974908058870904,0.9511589153158613,0.8162924917928625,0.9649183200851223,0.9478549045246523,0.8844046697071394,30833.0,1121.0,6939.0,126132.0
59,2.5e-05,272.50093200802803,0.011778730581717226,0.9889777393559542,0.9852373186850915,0.9928213111918354,0.9851378207897693,0.9890147762029896,11479.0,83.0,172.0,11401.0,3033.8805737456973,0.01838436948187061,0.9607514013028329,0.8435502575581866,0.9788445890968267,0.9564067302417506,0.9061753074616488,31278.0,676.0,5801.0,127270.0
60,1.25e-05,278.09550654888153,0.012020553557332246,0.989582883077588,0.985630700395801,0.993581403417469,0.9856108909184904,0.9895900825018359,11455.0,74.0,167.0,11439.0,2836.5184578915487,0.01718841665136524,0.9634419027420088,0.8576198228525703,0.972679476747825,0.9612237076447911,0.9115331035999708,31081.0,873.0,5160.0,127911.0
61,1.25e-05,273.9487452805042,0.01184131166114131,0.9898422303868597,0.9866723622383596,0.9932060543515652,0.986443034674546,0.989928427548965,11549.0,79.0,156.0,11351.0,2769.001782639949,0.01677928666953461,0.9649507650356006,0.8664650198846132,0.9682042936721538,0.9641695034981326,0.914513745196571,30938.0,1016.0,4768.0,128303.0
62,1.25e-05,267.92896005511284,0.01158110914437488,0.9896261076291334,0.9859717735079068,0.9935743660041124,0.9856058623397016,0.9897584705982759,11597.0,75.0,165.0,11298.0,2842.8687184615324,0.01722689724866858,0.9634903802454173,0.8591373722263774,0.9705827126494335,0.9617873165453029,0.911466063215435,31014.0,940.0,5085.0,127986.0
63,1.25e-05,266.41336557269096,0.011515598252547696,0.9910525178301275,0.9885542168674699,0.993599169622005,0.9885087264558493,0.9910702730684613,11487.0,74.0,133.0,11441.0,3012.3324994604372,0.01825379487629412,0.9592122405696106,0.8431607303202634,0.9697377480127684,0.9566847772993364,0.9020304199112146,30987.0,967.0,5764.0,127307.0
64,1.25e-05,266.5198308825493,0.011520200167821452,0.9897557812837692,0.9854368932038835,0.994328435163702,0.9851278483214472,0.9898626972924419,11571.0,66.0,171.0,11327.0,3076.846784955178,0.01864473131316575,0.9572246629298591,0.8366645930814378,0.9680791137259811,0.9546182113307934,0.897587302508451,30934.0,1020.0,6039.0,127032.0
65,1.25e-05,271.45551612973213,0.011733542949199573,0.9907931705208558,0.9875490363295242,0.9942474456941701,0.987291086350975,0.9908869208060582,11580.0,67.0,146.0,11342.0,3138.724691989283,0.019019692119310913,0.9562187547341312,0.8290969098506827,0.9748388308193028,0.9517475633308534,0.8960805465659836,31150.0,804.0,6421.0,126650.0
66,1.25e-05,270.05441442131996,0.011672980956184135,0.9910092932785822,0.9872402793344254,0.9947875944748501,0.9872677219545767,0.9909995672868886,11451.0,60.0,148.0,11476.0,2773.626378294829,0.01680731027598745,0.9656961066505075,0.8669029611230499,0.972084872003505,0.9641619887127925,0.9164859482186325,31062.0,892.0,4769.0,128302.0
67,1.25e-05,261.3981233239174,0.011298816655453528,0.9918737843094878,0.9880647911338448,0.995875579996563,0.9878229103244325,0.9919548099965765,11590.0,48.0,140.0,11357.0,3076.3831278415573,0.018641921695752506,0.9565883956976216,0.8355441256090959,0.9659197596545034,0.9543476790585477,0.8960141666908584,30865.0,1089.0,6075.0,126996.0
68,1.25e-05,274.2078580856323,0.011852511695942612,0.9892803112167712,0.9860764933390632,0.992559910026819,0.9860055286800277,0.9893075795464344,11473.0,86.0,162.0,11414.0,3212.222359009303,0.01946506504474657,0.9536736858051811,0.8251344193884921,0.9653251549101833,0.9508758482313953,0.8897414079063126,30846.0,1108.0,6537.0,126534.0
69,1.25e-05,268.1650156378746,0.011591312541079516,0.9900151285930409,0.9859118632419895,0.9941961191961192,0.9858510913639893,0.9900366616346775,11477.0,67.0,164.0,11427.0,2957.083484879344,0.017919003089709704,0.9600605968792607,0.8437932062786347,0.9740564561557239,0.9566998068700168,0.9042576371638994,31125.0,829.0,5762.0,127309.0
70,1.25e-05,260.58705358207226,0.011263758529590329,0.9917441106548519,0.9886295115858386,0.9948855755894591,0.9886197085955686,0.9917476776841649,11477.0,59.0,132.0,11467.0,2969.84439355488,0.017996330213936554,0.9602726859566733,0.845776833850678,0.972084872003505,0.9574362558333521,0.9045428072218987,31062.0,892.0,5664.0,127407.0
71,1.25e-05,255.53254333138466,0.011045279590723349,0.991138966933218,0.9880658085414713,0.994423472889499,0.9878038156633853,0.9912344464873647,11591.0,65.0,140.0,11339.0,3250.5679223067523,0.019697427191678548,0.9515527950310559,0.8148605671932084,0.9702384677974588,0.9470658520639358,0.8857873458950586,31003.0,951.0,7044.0,126027.0
72,1.25e-05,258.970251172781,0.011193872970511389,0.9910957423816728,0.9880550506361984,0.9940782025603065,0.9881565396498455,0.9910574752561209,11415.0,68.0,138.0,11514.0,2700.684004385685,0.016365302253511196,0.9646841387668535,0.8709182804247828,0.9598798272516743,0.9658377858436473,0.9132376585482045,30672.0,1282.0,4546.0,128525.0
73,1.25e-05,257.6980082988739,0.01113888084283008,0.9917441106548519,0.9884592197054517,0.995058089127796,0.988449271614516,0.9917476776841649,11477.0,57.0,134.0,11467.0,3136.9332070834616,0.019008836279857364,0.9544493258597182,0.8242443542180824,0.9720222820304187,0.9502295766921418,0.8920545112512027,31060.0,894.0,6623.0,126448.0
74,1.25e-05,260.72579607367516,0.01126975561157014,0.9905338232115842,0.9875739137886709,0.9936195895844111,0.9874317413539049,0.9905875273993209,11524.0,74.0,145.0,11392.0,2776.290747446202,0.016823455521564626,0.965405241630056,0.8653562379931509,0.972679476747825,0.9636584980950019,0.9158845456822501,31081.0,873.0,4836.0,128235.0
75,1.25e-05,261.1873968243599,0.01128970809701145,0.9913983142424897,0.9882077516691233,0.9945026178010471,0.9883511777301928,0.991345192014961,11397.0,63.0,136.0,11539.0,2845.680565780738,0.017243936165918728,0.9611634600818058,0.8512692170182338,0.968673718470301,0.9593600408804323,0.9061845861084681,30953.0,1001.0,5408.0,127663.0
76,1.25e-05,261.08681669831276,0.011285360566168695,0.9908796196239464,0.9878080192324203,0.9940383618455159,0.9877173254908745,0.9909133973558417,11505.0,69.0,142.0,11419.0,2840.443165311174,0.01721219915352931,0.9636782305711256,0.8571428571428571,0.9749014207923891,0.9609832345139061,0.9122375472195379,31152.0,802.0,5192.0,127879.0
77,1.25e-05,251.9626323580742,0.010890971789845437,0.9924357034795764,0.9897075220859421,0.9952561669829222,0.9896022874967507,0.9924740893648132,11539.0,55.0,120.0,11421.0,2880.4433617679488,0.017454587861038925,0.961520981669444,0.8520708431879435,0.9696125680665957,0.9595779696552968,0.9070495930675098,30983.0,971.0,5379.0,127692.0
78,1.25e-05,269.71461859345436,0.011658293433907688,0.9908796196239464,0.9880188275566966,0.993887741046832,0.987846167202014,0.99094459465259,11545.0,71.0,140.0,11379.0,3353.8804362577953,0.020323468785079808,0.9468444175124981,0.7965511948012076,0.9743381110346122,0.9402424269750734,0.8765202702702704,31134.0,820.0,7952.0,125119.0
79,1.25e-05,264.33518278598785,0.011425769733563339,0.9908363950724012,0.9879195789110363,0.9937505424876313,0.9879455829171689,0.9908264820424059,11449.0,72.0,140.0,11474.0,2885.228213915535,0.017483582571825692,0.9596121799727314,0.8438528268022734,0.9711147274206672,0.9568501025768199,0.9030221019395579,31031.0,923.0,5742.0,127329.0
80,6.25e-06,258.62186056375504,0.011178813942673655,0.9921331316187595,0.9893680871130927,0.9949987065620419,0.9892529034494714,0.9921754084264833,11539.0,58.0,124.0,11414.0,2850.0541712374416,0.017270438850098116,0.9608604756855021,0.8485876015204135,0.9711460224072104,0.9583906335715521,0.9057396786480453,31032.0,922.0,5537.0,127534.0
81,6.25e-06,256.1468215584755,0.011071831491613377,0.9913983142424897,0.9877480586712684,0.995045632333768,0.9877901977644024,0.9913834163238796,11448.0,57.0,142.0,11488.0,2713.3784062117056,0.016442226366985037,0.9648356309650054,0.8654722307627806,0.9690179633222757,0.9638313381578255,0.9143228359244658,30964.0,990.0,4813.0,128258.0
82,6.25e-06,256.54766626656055,0.011089157824359652,0.9910092932785822,0.9884654818865345,0.9937295997251331,0.9882537196554424,0.9910905508438277,11569.0,73.0,135.0,11358.0,3065.676296953903,0.018577041641896094,0.9548189668232087,0.826552919221541,0.970269762784002,0.9511088065769401,0.8926638258666361,31004.0,950.0,6506.0,126565.0
83,6.25e-06,256.3605228662491,0.01108106863480653,0.9919170088610331,0.9886304909560724,0.9952310760426601,0.988622651267023,0.9919198029641793,11478.0,55.0,132.0,11470.0,2830.658414602826,0.01715290661780231,0.9621511892137555,0.8543780326422585,0.9698316329723978,0.960306903833292,0.9084513235423445,30990.0,964.0,5282.0,127789.0
84,6.25e-06,251.92137184739113,0.010889188322774633,0.9921763561703048,0.9894664134001037,0.9948780276065631,0.9894972451790633,0.9921648413488593,11460.0,59.0,122.0,11494.0,2714.0429985276614,0.016446253589017794,0.9641205877897289,0.8627888179715154,0.9687676034299305,0.9630047117704083,0.9127121017793699,30956.0,998.0,4923.0,128148.0
85,6.25e-06,247.94710439443588,0.01071740239439965,0.9931272963043009,0.9901611535199322,0.9963301186310489,0.9898406025573656,0.9932360573446208,11674.0,43.0,116.0,11302.0,2889.1728145308934,0.017507485620547755,0.960163611574004,0.8471766250820748,0.9690805532953621,0.9580224090898843,0.9040376025457624,30966.0,988.0,5586.0,127485.0
86,6.25e-06,248.6885441839695,0.010749450796800064,0.992997622649665,0.9917143589305544,0.9944325481798715,0.9915357766143107,0.9930715935334873,11610.0,65.0,97.0,11363.0,2825.843033991174,0.01712372691405044,0.9616239963641873,0.8483291187426925,0.9763722851599174,0.9580825273726056,0.9078581717129098,31199.0,755.0,5578.0,127493.0
87,6.25e-06,247.7560092508793,0.010709142392516935,0.9933866436135725,0.9915951972555747,0.9952655590944306,0.9914915783990276,0.9934269880139193,11562.0,55.0,98.0,11420.0,2745.4723333273264,0.016636705549627793,0.9645811240721103,0.8640914795704923,0.9695812730800526,0.9633804510374161,0.9138020026840095,30982.0,972.0,4873.0,128198.0
88,6.25e-06,252.61243137717247,0.010919059061040522,0.9923492543764858,0.9901015665346875,0.9946389969736273,0.9900605012964564,0.9923650951127981,11503.0,62.0,115.0,11455.0,2735.0341297066025,0.01657345329317741,0.9644296318739585,0.8690644631841078,0.9611003317268574,0.9652290882310947,0.9127682339654045,30711.0,1243.0,4627.0,128444.0
89,6.25e-06,248.5696554929018,0.010744311886444858,0.9930408472012103,0.9907874152616026,0.9951986032300305,0.9909246575342465,0.9929881102739427,11400.0,55.0,106.0,11574.0,2793.4420392109673,0.016927386997188106,0.9633146492955613,0.8619542735759406,0.9651060900043813,0.9628844752049658,0.9106183192582532,30839.0,1115.0,4939.0,128132.0
90,6.25e-06,251.20106279850006,0.01085805328716231,0.9918737843094878,0.989779125162408,0.9939114551622162,0.989860800824884,0.9918409860255187,11427.0,70.0,118.0,11520.0,2824.8389646188475,0.017117642566998017,0.9625208301772459,0.8577338479051559,0.9667960192777117,0.9614942399170368,0.9090053110885524,30893.0,1061.0,5124.0,127947.0
91,6.25e-06,248.78570920228958,0.010753650711142839,0.9931705208558461,0.9914319647098745,0.9951464577656676,0.9911333508910544,0.9932857385687575,11687.0,57.0,101.0,11290.0,2802.9387227823377,0.016984933935963262,0.9631328586577791,0.8598453235408668,0.967265444075859,0.9621405114562902,0.9103976435935198,30908.0,1046.0,5038.0,128033.0
92,6.25e-06,250.23215708136559,0.010816172772049517,0.9919170088610331,0.9891163513863696,0.9947011813759555,0.9891594252774671,0.9919009051929489,11451.0,61.0,126.0,11497.0,2607.3346718329394,0.015799634430134463,0.9676049083472201,0.8744019812011031,0.9723665268823934,0.9664615130268804,0.9207859174964438,31071.0,883.0,4463.0,128608.0
93,6.25e-06,248.29966190457344,0.010732641534669265,0.9930840717527556,0.9908814589665653,0.9952027911033581,0.9910025706940874,0.9930374238468234,11410.0,55.0,105.0,11565.0,3034.6012524141015,0.018388736569696116,0.9568550219663687,0.831562082777036,0.9745884709269576,0.9525967340742911,0.8974122528960867,31142.0,812.0,6308.0,126763.0
94,6.25e-06,247.2756586074829,0.010688379451371641,0.9929543980981197,0.9911427579020493,0.9946840958605665,0.9912521440823328,0.992910269235788,11414.0,61.0,102.0,11558.0,2765.4365907402484,0.016757682719225866,0.9634479624299349,0.8607091172214182,0.967860048820179,0.9623884993725155,0.9111451551129834,30927.0,1027.0,5005.0,128066.0
95,6.25e-06,243.389243632555,0.010520390906961531,0.9939485627836612,0.9921002919457325,0.9958627822789174,0.9920228908349953,0.9939779766001376,11554.0,48.0,92.0,11441.0,2897.8904302429405,0.017560311651222182,0.960418118466899,0.8457270304085296,0.973086311572886,0.9573761375506309,0.9049476135040745,31094.0,860.0,5672.0,127399.0
96,6.25e-06,249.98806181550026,0.010805621863648163,0.9923492543764858,0.9900026080153004,0.994585152838428,0.9901583226358579,0.9922885897268331,11388.0,62.0,115.0,11570.0,2728.678117687837,0.016534937843889333,0.9646114225117406,0.8657218083020559,0.967265444075859,0.9639741190792885,0.9136809743407828,30908.0,1046.0,4794.0,128277.0
97,6.25e-06,248.20900809764862,0.010728723064519068,0.992522152582667,0.9910225718194254,0.9941675958487006,0.990850470547229,0.9925925925925926,11591.0,68.0,105.0,11371.0,2773.7738175868985,0.016808203712085433,0.9638721405847599,0.8626116071428571,0.9675158039682042,0.9629971969850681,0.9120571141988967,30916.0,1038.0,4924.0,128147.0
98,6.25e-06,252.15895207226276,0.010899457621450736,0.9921331316187595,0.9898783703325679,0.9946158447995898,0.9895924435892951,0.9922414528092762,11638.0,63.0,119.0,11315.0,2843.5458791591873,0.01723100063117217,0.9617936676261173,0.8545715944593436,0.9672967390624022,0.9604722291107755,0.9074468241269468,30909.0,1045.0,5260.0,127811.0
99,6.25e-06,251.31951686739922,0.010863173411169191,0.9924789280311217,0.9899662658939538,0.9949578370859776,0.9900275103163686,0.9924557752341311,11445.0,58.0,116.0,11516.0,2986.468367690154,0.018097066309287407,0.9581336161187699,0.8392803923162372,0.9694247981473368,0.9554222933621901,0.8996703599901253,30977.0,977.0,5932.0,127139.0
100,3.125e-06,246.6622335612774,0.010661864428842765,0.9930840717527556,0.9911657716958254,0.9949573987132673,0.9912318404538812,0.9930579659840333,11444.0,58.0,102.0,11531.0,2842.078452629514,0.01722210848434791,0.9620663535827905,0.8572978084325287,0.9646679601927771,0.9614416364196556,0.907819172434104,30825.0,1129.0,5131.0,127940.0
101,3.125e-06,245.47057950496674,0.010610355716661626,0.9933866436135725,0.9910391176977426,0.995757943035235,0.9910220994475138,0.9933929265448892,11502.0,49.0,104.0,11480.0,2785.8562083065362,0.016881419229247303,0.9633631267989698,0.8581619110816191,0.9713337923264693,0.9614491512049959,0.9112474677783976,31038.0,916.0,5130.0,127941.0
102,3.125e-06,244.9050781428814,0.010585912173887244,0.9935595418197536,0.9918405909129949,0.9953456300637821,0.9917627677100495,0.9935900193590019,11548.0,54.0,95.0,11438.0,2776.248842911308,0.01682320159316048,0.9637206483866081,0.8591861011978864,0.9719283970707893,0.9617497426186021,0.9120864598170365,31057.0,897.0,5090.0,127981.0
103,3.125e-06,243.19663199782372,0.010512065355427867,0.9920466825156689,0.9906711583311739,0.9934170636639238,0.9906816220880069,0.9920422108814116,11469.0,76.0,108.0,11482.0,2816.3199543332958,0.017066020023228577,0.9621814876533858,0.8553580806545233,0.968454653564499,0.9606751283149597,0.908399747552581,30946.0,1008.0,5233.0,127838.0
104,3.125e-06,244.57939445972443,0.01057183464273717,0.992695050788848,0.990613592908048,0.9946766733571865,0.9907502569373073,0.9926409753973439,11398.0,61.0,108.0,11568.0,2735.546908454228,0.016576560572363144,0.9640236327829117,0.8648027146022043,0.9650747950178381,0.9637712198751043,0.9121914424740805,30838.0,1116.0,4821.0,128250.0
105,3.125e-06,238.2479778677225,0.010298161999901556,0.9936459909228442,0.9922100656455142,0.9949096015446727,0.992419725747381,0.9935579999123537,11336.0,58.0,89.0,11652.0,2786.840836797082,0.01688738577062313,0.9629874261475534,0.8597116294605578,0.9665769543719096,0.96212548188561,0.9100176782557454,30886.0,1068.0,5040.0,128031.0
106,3.125e-06,247.21187706291676,0.010685622522710903,0.9927814998919386,0.9914780063699751,0.9941308475746591,0.9914278292492856,0.9928026548291169,11518.0,68.0,99.0,11450.0,2794.123329889024,0.01693151540608407,0.9631449780336313,0.8593133714793623,0.9681729986856106,0.9619376122521061,0.9105009123550534,30937.0,1017.0,5065.0,128006.0
107,3.125e-06,249.2277890741825,0.010772759415352605,0.9923060298249405,0.9908439146583744,0.9937624534349823,0.990855762594893,0.9923010380622839,11471.0,72.0,106.0,11486.0,2625.8610237797,0.015911898341340405,0.9661445235570368,0.8752454956878148,0.9623208362020405,0.9670626958540929,0.916720079896254,30750.0,1204.0,4383.0,128688.0
108,3.125e-06,249.70993602275848,0.010793600000983726,0.9919602334125783,0.990402075226978,0.9934946656258131,0.9904359813889367,0.9919459599896077,11454.0,75.0,111.0,11495.0,2841.6317848508947,0.017219401817002846,0.9619451598242691,0.8581352527619686,0.9626024910809289,0.9617873165453029,0.9073718988760732,30759.0,1195.0,5085.0,127986.0
109,3.125e-06,245.0755514204502,0.01059328080486061,0.9935595418197536,0.9928175839390793,0.994280266920877,0.9928423594342877,0.9935483870967742,11473.0,66.0,83.0,11513.0,2777.5615164662786,0.016831155985252408,0.9627086805029541,0.861202889623117,0.9625399011078425,0.962749209068843,0.9090559791925281,30757.0,1197.0,4957.0,128114.0
110,3.125e-06,245.83326925337315,0.010626032818386564,0.9931705208558461,0.990733523859011,0.9955617439735445,0.9908107179663346,0.9931417657782794,11440.0,51.0,107.0,11537.0,2665.4952190726012,0.016152069196016368,0.9645084078169974,0.8676773084617769,0.9636665206233961,0.9647105680426239,0.9131562949453613,30793.0,1161.0,4696.0,128375.0
111,3.125e-06,239.48162530362606,0.010351485857083469,0.9936892154743895,0.9910830231148818,0.9962579409973022,0.9911542425283407,0.9936637444666263,11448.0,43.0,103.0,11541.0,2730.1113475201,0.01654362276939918,0.9644114528101803,0.8634374738719657,0.9695499780935094,0.9631775518332318,0.9134222746369869,30981.0,973.0,4900.0,128171.0
112,3.125e-06,247.32077905535698,0.01069032976249652,0.9922628052733953,0.9900400102153741,0.9946972288744441,0.9897754085467098,0.9923631554247195,11630.0,62.0,117.0,11326.0,2631.9557594157804,0.01594883053728696,0.9662838963793364,0.8764192388885719,0.9614445765788321,0.967445949906441,0.9169651384909265,30722.0,1232.0,4332.0,128739.0
113,3.125e-06,250.441878169775,0.010825237872045602,0.9924357034795764,0.9902829134061398,0.9946450164104336,0.9902223760491478,0.9924591718016116,11516.0,62.0,113.0,11444.0,2630.7309369666086,0.01594140849548013,0.9659324344796243,0.8695200673589671,0.9695499780935094,0.9650637629536112,0.9168146306818182,30981.0,973.0,4649.0,128422.0
114,3.125e-06,246.39224721491337,0.010650194390097832,0.9928679489950292,0.9909389023127373,0.9948020445291519,0.9909420289855072,0.9928667156629631,11483.0,60.0,105.0,11487.0,2707.5586609639713,0.016406960526974528,0.9647750340857446,0.8689417675784007,0.9633848657445078,0.9651088516656522,0.9137293895905375,30784.0,1170.0,4643.0,128428.0
115,3.125e-06,245.95044660568237,0.010631097756891392,0.99377566457748,0.9925178353923786,0.9949415663701378,0.9926300454194875,0.9937282229965156,11408.0,58.0,86.0,11583.0,2642.169827155555,0.016010724600245753,0.9658960763520679,0.8694151324651999,0.9694873881204231,0.9650337038122506,0.9167283165152545,30979.0,975.0,4653.0,128418.0
116,3.125e-06,244.20514361560345,0.010555657817834598,0.9941646855413875,0.9929120409906064,0.9955475640037674,0.9927548882681564,0.9942280559237248,11627.0,52.0,83.0,11373.0,2744.2540861294206,0.01662932335179167,0.9653325253749432,0.8681411209969407,0.9679852287663516,0.9646955384719436,0.9153485343947443,30931.0,1023.0,4698.0,128373.0
117,3.125e-06,244.1485602259636,0.010553212026192504,0.9928679489950292,0.9915951672211522,0.9939447125932427,0.9918228279386712,0.9927685497655258,11326.0,69.0,96.0,11644.0,2665.6073348927653,0.016152748582898138,0.964896227844266,0.870836050236725,0.9612881016461163,0.9657626379902458,0.9138292650274443,30717.0,1237.0,4556.0,128515.0
118,3.125e-06,249.6270633637905,0.01079001786746447,0.9921763561703048,0.9898725336127118,0.9942997456809611,0.9901125127855438,0.9920812005075031,11338.0,65.0,116.0,11616.0,2718.430321624377,0.01647283939781474,0.9636539918194214,0.8630616012980473,0.9654816298428992,0.9632151257599326,0.9114032496307237,30851.0,1103.0,4895.0,128176.0
119,3.125e-06,248.68329718708992,0.010749223997712986,0.9933001945104819,0.9913356781333105,0.9953488372093023,0.991236442516269,0.9933382043237202,11556.0,54.0,101.0,11424.0,2683.3545924849604,0.01626029142545045,0.9641205877897289,0.8625261105695585,0.9691744382549915,0.9629070195609862,0.9127455459113751,30969.0,985.0,4936.0,128135.0
120,1.5625e-06,244.9764163196087,0.01058899573458434,0.9927814998919386,0.9911751856705985,0.9942156003505697,0.9913859275053305,0.9926930649748414,11344.0,66.0,101.0,11624.0,2760.000506461019,0.01672474174495391,0.9631570974094834,0.8638281118173126,0.9612568066595731,0.963613409382961,0.9099419362483707,30716.0,1238.0,4842.0,128229.0
121,1.5625e-06,239.37427465617657,0.01034684567348937,0.9931272963043009,0.9912546540826046,0.9949591517469146,0.9913148164072577,0.993103448275862,11448.0,58.0,101.0,11528.0,2752.129169201563,0.016677043897600746,0.9629328889562188,0.8589369564613376,0.967453213995118,0.9618474348280242,0.9099713003164325,30914.0,1040.0,5077.0,127994.0
122,1.5625e-06,244.63259109854698,0.01057413404359399,0.9927382753403934,0.9913080895008606,0.9942171586397376,0.9912546540826046,0.9927604929759544,11519.0,67.0,101.0,11448.0,2677.1808470053347,0.016222880454508922,0.9649992425390093,0.8684966216216217,0.9654190398698128,0.9648984376761278,0.9143966564899072,30849.0,1105.0,4671.0,128400.0
123,1.5625e-06,244.79984273016453,0.010581363420365876,0.9932569699589366,0.9911762186241755,0.9954400757119505,0.9910528144544822,0.9933035714285716,11570.0,53.0,103.0,11409.0,2714.2485532915694,0.016447499186738792,0.9651870928647175,0.8664466877324459,0.9696751580396821,0.9641093852154113,0.9151591227940634,30985.0,969.0,4776.0,128295.0
124,1.5625e-06,248.03406503796577,0.010721161229218318,0.9924357034795764,0.9908874127065236,0.9941895240536615,0.9906403079076277,0.9925357219023245,11635.0,68.0,107.0,11325.0,2816.270160745898,0.017065718289628225,0.9632176942887442,0.8580479167819399,0.9706140076359767,0.9614416364196556,0.9108663729809104,31015.0,939.0,5131.0,127940.0
125,1.5625e-06,243.20595389604568,0.010512468290298062,0.9938621136805705,0.9918664383561644,0.9959594222833562,0.9917412848822046,0.9939087165408373,11585.0,47.0,95.0,11408.0,2732.460447084898,0.01655785757966913,0.9651022572337524,0.8688917053936065,0.965450334856356,0.9650186742415703,0.914629626884478,30850.0,1104.0,4655.0,128416.0
126,1.5625e-06,241.92009490728378,0.010456887612158365,0.9929543980981197,0.991683271246643,0.9941809970470731,0.9917390930212546,0.9929305633863903,11447.0,67.0,96.0,11525.0,2765.063600154491,0.016755422512676813,0.9629692470837752,0.8595797968554334,0.9666708393315391,0.962080393173569,0.9099854173724757,30889.0,1065.0,5046.0,128025.0
127,1.5625e-06,247.13306617736816,0.01068221595752618,0.9933434190620273,0.992619926199262,0.9941555651052858,0.9925217391304347,0.993387152181381,11567.0,68.0,86.0,11414.0,2799.2796919072684,0.016962761350748482,0.9633146492955613,0.8588251593239125,0.9699881079051136,0.9617121686919013,0.9110281582505437,30995.0,959.0,5095.0,127976.0
128,1.5625e-06,239.2126012146473,0.010339857411482484,0.9927814998919386,0.9913329866527995,0.9941764450239027,0.9914015477214101,0.9927526797725991,11438.0,67.0,100.0,11530.0,2731.190113448534,0.01655015975427077,0.9651325556733829,0.8676883350174021,0.967453213995118,0.9645753019065011,0.9148589861205646,30914.0,1040.0,4714.0,128357.0
129,1.5625e-06,245.99235889315605,0.01063290939672168,0.9927814998919386,0.991853185833119,0.9938133699948445,0.9917369748630077,0.9928323103995881,11566.0,72.0,95.0,11402.0,2782.9690274093537,0.01686392381402426,0.9631510377215573,0.8642750542055022,0.9605370219690805,0.9637787346604444,0.9098670461114322,30693.0,1261.0,4820.0,128251.0
130,1.5625e-06,239.05919525027275,0.010333226507468025,0.9941214609898422,0.9929991356957649,0.9952356202356203,0.9930118195151411,0.994116120100372,11489.0,55.0,81.0,11510.0,2685.9589365804477,0.01627607293792121,0.9654173610059082,0.869041927954782,0.9671402641296865,0.96500364467089,0.9154706361549286,30904.0,1050.0,4657.0,128414.0
131,1.5625e-06,248.45999464392662,0.010739571845425832,0.9926518262373027,0.9902266043937035,0.995046062923692,0.9902829134061398,0.9926304837870643,11449.0,57.0,113.0,11516.0,2752.5440851317153,0.016679558158653025,0.9641387668535071,0.8638548828889262,0.9672341490893159,0.9633954806080964,0.9126262327998582,30907.0,1047.0,4871.0,128200.0
132,1.5625e-06,239.00769805908203,0.010331000564472965,0.9937324400259347,0.9925029817686147,0.9951311181344494,0.992299614980749,0.9938153124333546,11650.0,57.0,88.0,11340.0,2820.4306336117893,0.017090929456820416,0.9636479321314952,0.8609172066635148,0.9687676034299305,0.962418558513876,0.9116637952614451,30956.0,998.0,5001.0,128070.0
133,1.5625e-06,237.98114842176437,0.01028662841676094,0.9938188891290253,0.9925855677213553,0.9950734658599827,0.9925637699956766,0.9938279597738358,11513.0,57.0,86.0,11479.0,2705.878861176203,0.01639678146448237,0.964472049689441,0.8633742792679869,0.9700194028916568,0.963139977906531,0.9135951661631421,30996.0,958.0,4905.0,128166.0
134,1.5625e-06,243.4528045654297,0.010523138299780839,0.9929543980981197,0.9904969485614646,0.99526938239159,0.9906996587030716,0.9928774306314179,11361.0,54.0,109.0,11611.0,2590.679307430806,0.01569870811956253,0.9659687926071807,0.8711040973905202,0.9673906240220317,0.965627371854123,0.9167259786476869,30912.0,1042.0,4574.0,128497.0
135,1.5625e-06,240.9640028476715,0.010415560961645623,0.9928247244434839,0.9907713738464218,0.9947552447552448,0.9909362975630611,0.9927593125708803,11380.0,60.0,106.0,11589.0,2571.2125987062573,0.015580745939744022,0.9674594758369944,0.8761390005093667,0.9689240783626463,0.9671077845661339,0.9201985377162217,30961.0,993.0,4377.0,128694.0
136,1.5625e-06,249.44858846068382,0.010782303369815597,0.99221958072185,0.990937338166753,0.9935098650051921,0.9909318594006391,0.9922219341457091,11481.0,75.0,105.0,11474.0,2671.807028621492,0.016190316792131447,0.9659627329192546,0.8719389916678435,0.9661075295737623,0.9659279632677292,0.9166109948188068,30871.0,1083.0,4534.0,128537.0
137,1.5625e-06,244.63325563073158,0.010574162767699657,0.9924789280311217,0.9904169904169904,0.9945383615084525,0.9904310344827586,0.9924733973527122,11472.0,63.0,111.0,11489.0,2662.1366572384613,0.016131717359421066,0.9657203454022117,0.8705159635923014,0.9667647242911686,0.9654695613619797,0.916119274625228,30892.0,1062.0,4595.0,128476.0
138,1.5625e-06,242.432882219553,0.01047905261376931,0.9936027663712989,0.9925881237610963,0.9946454788841869,0.992557978539287,0.9936157363471658,11517.0,62.0,86.0,11470.0,2656.1677181346668,0.016095547451202345,0.9658536585365853,0.8723789580916268,0.9647931401389498,0.966108318115893,0.9162617211299838,30829.0,1125.0,4510.0,128561.0
139,1.5625e-06,237.97610783576965,0.010286410539691794,0.9931272963043009,0.9916508865553452,0.9946473279806614,0.9916031855955678,0.9931468471186587,11521.0,62.0,97.0,11455.0,2791.179824623655,0.016913678682767185,0.9644296318739585,0.8644034646549316,0.9681729986856106,0.9635307467442192,0.9133502598016061,30937.0,1017.0,4853.0,128218.0
140,7.8125e-07,239.38285288214684,0.010347216463459988,0.9939917873352064,0.9928755364806867,0.9951819667899854,0.9927901320361362,0.9940274137412451,11567.0,56.0,83.0,11429.0,2742.0353323399854,0.016615878396242904,0.9652295106802,0.8663703952149365,0.9700506978781999,0.9640718112887106,0.9152837654284534,30997.0,957.0,4781.0,128290.0
